<?xml version="1.0" encoding="utf-8"?>
<extension type="component" version="1.7" method="upgrade">

	<name>COM_MAINT</name>
	<!-- The following elements are optional and free of formatting constraints -->
	<creationDate>06 November 2011</creationDate>
	<author>Ahmed M. Araby</author>
	<authorEmail>araby.ahmed@gmail.com</authorEmail>
	<authorUrl>http://a-araby.blogspot.com/</authorUrl>
	<copyright>No Copyright Reserved.</copyright>
	<license>Mozilla Public Licence</license>
	<!--  The version string is recorded in the components table -->
	<version>0.1</version>
	<!-- The description is optional and defaults to the name -->
	<description>COM_MAINT_DESCRIPTION</description>

	<install> <!-- Runs on install -->
		<sql>
			<file driver="mysql" charset="utf8">sql/install.mysql.utf8.sql</file>
		</sql>
	</install>
	<uninstall> <!-- Runs on uninstall -->
		<sql>
			<file driver="mysql" charset="utf8">sql/uninstall.mysql.utf8.sql</file>
		</sql>
	</uninstall>

	<!-- Site Main File Copy Section -->
	<!-- Note the folder attribute: This attribute describes the folder
		to copy FROM in the package to install therefore files copied
		in this section are copied from /site/ in the package -->
	<files folder="site">
		<filename>index.html</filename>
		<filename>maint.php</filename>
		<filename>controller.php</filename>

		<folder>views</folder>
    <folder>models</folder>
	</files>

	<administration>
		<!-- Administration Menu Section -->
		<menu>COM_MAINT_MENU</menu>
				<submenu>
			<menu link="option=com_maint">COM_MAINT_MENU_MANAGE</menu>
			<menu link="option=com_maint&amp;view=maint&amp;layout=edit">COM_MAINT_MENU_NEW</menu>
      <menu link="option=com_maint&amp;view=reports">COM_MAINT_MENU_REPORTS</menu>
		</submenu>

		<!-- Administration Main File Copy Section -->
		<!-- Note the folder attribute: This attribute describes the folder
			to copy FROM in the package to install therefore files copied
			in this section are copied from /admin/ in the package -->
		<files folder="admin">
			<!-- Admin Main File Copy Section -->
			<filename>index.html</filename>
			<filename>maint.php</filename>
            <filename>controller.php</filename>

            <folder>views</folder>
            <folder>controllers</folder>
            <folder>assets</folder>
            <folder>sql</folder>
            <folder>tables</folder>
            <folder>models</folder>
		</files>

    <languages folder="admin">
			<!--<language tag="en-GB">language/en-GB/en-GB.com_maint.ini</language>-->
			<language tag="en-GB">language/en-GB/en-GB.com_maint.sys.ini</language>
      <language tag="ar-AA">language/ar-AA/ar-AA.com_maint.sys.ini</language>
		</languages>
	</administration>

</extension>
